title,link
"고승민 빠진 롯데 2루, 새 주인은 한태양...시범경기 맹타 행진 [IS 피플] - v.daum.net",https://news.google.com/rss/articles/CBMiT0FVX3lxTFBvNEhUWHQtNVV2X2FSTjh1Q0xIanpWNUk1Q0RRdy1LSHhWWmRjMFc0R0dfbzBmSDN2dHI1S2ducHNDV0dPWHlZTmp6cTVMN0E?oc=5
"이게 이호준이야 조던이야? 하늘을 날아 완벽한 송구! 전날 실책→추가 훈련 후 ""반복 않을 것"" 다짐 통했다…사령탑 칭찬할 만하네 [부산 현장] - 네이트",https://news.google.com/rss/articles/CBMiaEFVX3lxTFBvSU5JM3dhNWl6M3FGTzFVZi1NRFpDaG1WM2tZVy1Lc01Fdy1OVS1kTndONWs5VFI3aVpocDdlbEQ5eHV1Q0JoV3R3U2EzM1ZlS2tvdmVnWlZTdndXQTZORmNIVHVrQjVG?oc=5
"프로야구 롯데, 키움 대파하고 시범경기 4연승 '신바람'(종합) - 연합뉴스",https://news.google.com/rss/articles/CBMiW0FVX3lxTE9zdTExemZ5M3N0TWRpeWF4QkNDZzlMWkd0YVZ6aWt5cE9nOEdadFA4cGFrOXNhczZJT1V6QUlzN2x1a3ZsM0hfeHJQTVpUbjVxTXBEZExnb1lfUzTSAWBBVV95cUxNMzN6andWYVhwV0pFbzZVNnl1Y0IyaUxVM05KRzFuZkMtWFo3WnhFS2x5NzNZMGlyN3pYaVhabmFrUkJkUHRjT19Hb3FyR3Y3dVNsRDF3dXNLVEZRbmV0RUE?oc=5
"""술? 4년간 입에도 안댔죠"" 150㎞ 쾅! 신인인데 롯데 개막엔트리 유력 → 필승조까지?…""김현수·최형우 선배님과 대결하고파"" [인터뷰] - 조선일보",https://news.google.com/rss/articles/CBMigwFBVV95cUxQZU1lWjg3VjVwc2JTajZMUXU3OGVzNHh0TWg1S0pQal9odzdvR3h1Ny1ybEo2SEk2REF1LUtOMVNQekVCTzNXSXBYbnBhUXpya0NlMG1qZW5tVzRqTWhTMENwU0hkMS1vWmFrMm45WTZXSENTaTlvSnZPRzJiaTBjbGwzc9IBlwFBVV95cUxORzRxX0NxV2I2Ymh0d1YtakZRWlpJUllGZUdXR1h3QXNjZmRSNWstazJlbVF5U2hvSVo3WDRyenp3VFdmQktiX3BtcUVTLTlHQTVJd0p0Q0ZVUGY5QUFkV041bXRTQ2VUdFRLVm9VX1JwMlhIZTlldzBUWTJBNmtsVTJSMDc5X2dpcXRNeGhUWmRNTW1QUUJJ?oc=5
150㎞대 위력투로 기선제압…롯데 외인 3인방 기대되네 - 국제신문,https://news.google.com/rss/articles/CBMijgFBVV95cUxPaDN1OG5EdFZYNWVtYUlVa0VteS1VRWhCQWc0WC0xdzM0MnJ1ME9Od1YzNGR5VEtkaWozdUJHNTBhaTM5Szc1ODYzc3hJelhNUEpDNFQ3R0ZmOXdXb3FjdHpEcHEtdTdtOWNlMU9PWWo1VGxpci1laE5tcFBhNWwtYlF5TTM0c2RaN3RhZUh3?oc=5
시작 전부터 닥친 악재? 오히려 좋다… 시범경기가 증명한 롯데의 ‘이겨내는 힘’ - 파이낸셜뉴스,https://news.google.com/rss/articles/CBMiWkFVX3lxTE9feDI3aDlSdHMzeGhsd3BHMUZKTlFDZU92UF9id1dSdEJWbUdEdUxxd004T2pmWGdHVS15WnlLRHUtS09aTVhTX1FWY1l2YTRpWnNMdEREbjNqZ9IBXkFVX3lxTE13eV82SU9IYjBKNWNYUFN4XzhHVHJPa0tNVnhRbF9JaldLQzktd1ZyZmNHbFhRSVZ1NzFVVGZnekFMMW9obW5GdDR4NTUwY0UtMk1WbjhLMTlxNjQ1c0E?oc=5
"롯데 불법도박 직후 '선수단 모아놓고' 캡틴 발언 공개, 심지어 38세 베테랑까지 나섰다 ""상황이 상황이다 보니까…"" - 네이트",https://news.google.com/rss/articles/CBMiXEFVX3lxTE5CLUE2TFJwck03SjhuRjYzSEhWUm1kYlNiSVlqZk9JbzVqYmlDbWZBUVplUENQblMxTVhyQ3VFMW56aWdnNnEzOUtKUDlEMHZpSVZNTW1PUWlZZy1s?oc=5
"""자리 차지하려는 선수가 한 명도 없어"" 솔선수범 캡틴 독설, 롯데를 깨웠나…'도박 징계+줄부상'에도 시범경기 무패 - v.daum.net",https://news.google.com/rss/articles/CBMiT0FVX3lxTE1WLUg1aGJzNXJfSTh3czJBYTZsTnNTUWo3TDM4YXdBZlZsXzRialowWW9raG9lejJtb3hUUUhkZEEzVEJWdmNDM0pCUzkyVUU?oc=5
"롯데 불법도박 직후 '선수단 모아놓고' 캡틴 발언 공개, 심지어 38세 베테랑까지 나섰다 ""상황이 상황이다 보니까..."" - mt.co.kr",https://news.google.com/rss/articles/CBMiakFVX3lxTE1QNmhlZ2pwbjBHbGxBTmdzT0JtbDA4dldoY3czbnN0UmtZckNwNnJTOTdhaFpvek0wMWF3MURVd0piT2Vwclh3VEdhQ0owSUFWR19McE9qRUhjZnRoVWp5Z0xnMXczbUhBZHc?oc=5
"유틸리티로 살 길 찾아 나선 롯데 손호영, 포지션 정착으로 주전 되찾을까? - 스포츠동아",https://news.google.com/rss/articles/CBMickFVX3lxTE9zY0ZKNVZ3dkNiVUxoejl4X3FMVExoUE9zelJnTVdqMEZjUnBLT1RNTlJNQmlLNkVuQWxsczNhVkpWWHFmZ0NyOXhaRTRMM0p3a0gxV1pOUmtfdmt0X2RPa2t5aGVsa1ItMFBCZlozcDZyUQ?oc=5
"""감독님도 총력전, 다른 팀들과 상황 달라"" 주전급 이탈→시범경기 무패...같은 '봄데'인데, 왜 무시할 수 없나 [오!쎈 부산] - 미주중앙일보",https://news.google.com/rss/articles/CBMiYkFVX3lxTFBWU2Z1T0FfbWZZd2VUNENENFZBSUNiMG83Z3p2VWxBU2RfeWRSZjZyT1daNFBBM2JMcU02ME5ZckY4V2d1UjdqQ3dEcDF2MjdWcnRoN3ZiQ214eXh4LUgwVXpn?oc=5
"[영상] 봄이 왔다, 롯데 시범경기 3연승 단독 선두 - 부산일보",https://news.google.com/rss/articles/CBMidEFVX3lxTFB3cjM3QVd3Ukg1OFREYjZ3elZlZllINkFya3I4eC1GOHdhMkVHOHcxTFVZVjNPc0JRN0RMSHIxSzMxUHhXX2JHX1lHYU9QeENFQmlpN2lpWDlaSG9UT0NRMHRxLVhJYmlCSENkX2c0Q2xZenNB?oc=5
"'FA 0입' 롯데, 놀고만 있던 건 아니다 → 어차피 '이것' 안 되면 FA 와도 소용없다 - 조선일보",https://news.google.com/rss/articles/CBMigwFBVV95cUxQc3c0TTJhcDBOc193eXZ4Q0tOdEo2akZKcHY0aW5OdFk4aGR1ZEwxb0lIQjJqQjVDQVpDNUxuRVBNVkl0RktFY0xOQ3lILTZVdkJTVV83SWhXQWVid19Ra2Y1ZG1xeEp0c2E0dlpRWGMzblRTV29PR0VsNU5sVDA4Y1BHUdIBlwFBVV95cUxORUIyUXlsQ0xDc2ViM25YTVRyUWRaMW9CYnF2SE1lYV94dlJIVmZEdDBOTExESmtjbFlFZERWcE1PMmhCS05GZWxQQ0Y0Z3JWeG5MNk9RUHA4VWtCRkk0V1E4dWRaRzhidUpBOWdENjRlZUpFdGEyeXY4Ti1vVUk1VV8zd0ZpNWlTNEk2akExSUVBcm1pU0dr?oc=5
4번타자 한동희 이탈…시범경기 1위에도 머리 아픈 롯데 - v.daum.net,https://news.google.com/rss/articles/CBMiRkFVX3lxTE1kdnJxRkVDOXJiZFlvcWhXZ3RJdmRnWjVfZzA1U3FVb3FJNU9TdlNuNFNyWWMzWU1JWHhDbWFxMzU5SDVGTVE?oc=5
"`17안타`로 12-1 대승 거둔 롯데, 파죽지세로 시범경기 1위 달려 - 국제신문",https://news.google.com/rss/articles/CBMijgFBVV95cUxQTHd1SzRpZ1UzOHpOS0IwZmNwbzNUeEpmM3pya29BLVB3RDBIOXVCT1VSVW1LUzFWN3hLaTQxZmJXY0lLNUhsSkNGZml4am8yM3hBS09RZkVoY29UUE5GRHZGMnhqS0ZOY3V3R09qYjVQelNTT3dnb2NUMU1ZWXJlSU9QMkJISTVSSFJ4R19B?oc=5
"'롯데 자이언츠, 시범경기 무패 행진… 강력한 저력 과시' - 스페셜타임스",https://news.google.com/rss/articles/CBMic0FVX3lxTE1UYVhiRlhJU3pxdU1qOUhtYXk4QmxRTWJ5M0ZseWUybUxjb2pZWkhzYVkzemtSWHVWV1otbGpROUZ2U0VIcXFKendIWmJ1Um5fV01EZFBzY3N3WXdudUdtS3d5SnMzUHN5Qnp0dEZiaGs3c2M?oc=5
"롯데 자이언츠, 키움 꺾고 무패 행진...통산 12번째 시범경기 1위 해낼까 - 일간스포츠",https://news.google.com/rss/articles/CBMiW0FVX3lxTE1TQ1FNNXo3MXdseEFnM0JCSGFOR0JXODE4MDZXMW8wNU8teHNmQ01VbHdJUkNTNF84NzdUbkhpbWsxRFBHSWJBb1VIUlNURnljTmNJbnNLLWVQRW8?oc=5
"'4인방 없어도 되네' 롯데 진짜 무섭다! 무려 파죽의 4연승 '단독 선두' 질주, 키움에 12-1 어떻게 대승 거뒀나 - mt.co.kr",https://news.google.com/rss/articles/CBMiakFVX3lxTE50MWlnQlVFbFl3dGlCUlBseDFsMW9RSGhSS2h5Q0Y4aUo4ZWRhM2s5bGVyNzBTdjRWTHBsc3l6TDF2dUFvaVNtQmF5SnJGZy13cWF4Qlc0VTYtNWJZREJwekVkWWFVdzdZaVE?oc=5
"봄에 강한 롯데, 시범경기 무패 행진…최형우 복귀 첫 안타 - 중앙일보",https://news.google.com/rss/articles/CBMiVkFVX3lxTE84TVZpU3ExaDFzd01KcUcwNlFiSGduLVphbGs0RkRoNGJ6RWZrc1poRVdNSVc4T1VMaGZJQkFVNm1PYmx5TndkUEdzZk8tNUlucHZPVXJ3?oc=5
"'심상치 않은 롯데의 봄' 시범경기 4연승, 10구단 중 유일 무패 행진 - 노컷뉴스",https://news.google.com/rss/articles/CBMiUkFVX3lxTE9HNmxkUVh0aFMzMzRrVHN2dUFRZjNGUXpaS0gwX1QzRF9LM000U1p5M29vS2E3Rl9nS1RCckpEeC1Ma19qRTJQUl9rdHVScUZWSVE?oc=5
"고승민 빠진 롯데 2루, 새 주인은 한태양...시범경기 맹타 행진 [IS 피플] - 일간스포츠",https://news.google.com/rss/articles/CBMiW0FVX3lxTE1jd1hiRFRESV9DYXRCa2ZyalYwNXhpZERMZlpyV2p5aGExV2pnRjBnRnpYS25QMDZMVW9ZWDRONWJRaWxUc2p3azByZUtvcGkzeDVoUzlSTFl0VUE?oc=5
"시범경기부터 달리는 롯데, 키움 대파하고 '파죽의 4연승+무패행진' - 네이트",https://news.google.com/rss/articles/CBMiXEFVX3lxTE1uUEFldkVkS3Z0YTZKZmlxLUJlbWpEendoNFhzblYtbmJIVFRTanl2Mm5xRGExWDVOSG9NQzRsSDE5bzlITzg0dlJ0U1lPdkVPQnZzNVJZU0l0RURi?oc=5
"얼마나 인상적이면, 명장이 이렇게 칭찬하나…롯데 3R 유격수 유망주, 눈도장 제대로 찍었다 - v.daum.net",https://news.google.com/rss/articles/CBMiT0FVX3lxTFBNUkhGOW1YR3pYcnBkMG1pOW1vMWRCSm1TTUVPb0JqRm5pcGdnZ0VMZVNTc2R4cHBjYXlfOWJqUFloOUEwLWtyOFBBc1NOMXM?oc=5
17안타 만개 '4G 폭풍 연승' 롯데의 봄바람이 뜨겁다...키움에 12-1 대승 - v.daum.net,https://news.google.com/rss/articles/CBMiT0FVX3lxTFBxTzlVVUQxLVRVQ3JXdF9Kd0tKTTdUWlJTSkZfU1psZHFCRjJxaUVhMDhtdjBoeUg1WmNFUVdodmo1aW0xSkh6by00RzRKSDA?oc=5
'롯데의 봄은 달랐다' 키움에 12-1 완승...17안타 타선 폭발로 시범경기 5연속 무패·단독 선두 - v.daum.net,https://news.google.com/rss/articles/CBMiRkFVX3lxTE8yTHdMbzFiZTBsZnpUeV9NYVRqcVk5dnhOSkZCMDZxU0stTTZKb1FlVzJQMkRveTlwMkNycXlETV9vdHA1bXc?oc=5
"‘160km’ 확 달라진 롯데 파이어볼러, 세이브 1위다. 왜 “매일매일 불안감을 안고 던진다” 했을까 - v.daum.net",https://news.google.com/rss/articles/CBMiRkFVX3lxTE1teVdTWXA0UDhnMjJhaGRmeHRuaTFyMzVIQUx0cHNzR1lyNW5RMTBwTEVhM19XNzRhRFV5UlpCbXMxSmVVZWc?oc=5
"롯데 외인 트리오, 시범경기 나란히 150㎞대 속구 과시…선발진 구성 윤곽 잡힌다 - v.daum.net",https://news.google.com/rss/articles/CBMiRkFVX3lxTE92MHUxTTR2dElua0ZPRkNfRVlKZzNPd2plaWJNd3I1a1BXbUJvaklfckxIdTJ4aEhJZmZ2OUo4OWpoNkNST2c?oc=5
"한동훈, 최동원 유니폼 입고 사직 경기 관람...일주일만 또 부산행 - v.daum.net",https://news.google.com/rss/articles/CBMiT0FVX3lxTE9DckNuQk0wR0lTRmoyVWo1YXhEU0dzanV2b2FDNkp6b3FhdjNRSzdGaG9HOWtIRGxBZklIbmM0eXhDejJ2RTV1cFFKa0hCX0k?oc=5
첫 시범경기 승리 장식한 롯데 자이언츠 [사진] - v.daum.net,https://news.google.com/rss/articles/CBMiVEFVX3lxTE52OGF2amxFZnp3S1lobTd3aVlUeGVFSU5acUk0eGh5NExUTGJ4QTdiSnpyd2ljeHFaX2tweVJvYV81YnljZXV0Q2RiMEI0NTEyTlUtZg?oc=5
2026시즌 새롭게 시작하는 롯데 자이언츠 [O! SPORTS 숏폼] - 조선일보,https://news.google.com/rss/articles/CBMigwFBVV95cUxONGJYYklDR1FKSmFLSWI4RjZ5T3JXR2xkR1dFNmVMSm1oUGVUbGx2eVZhb2JKX2lWcDd6blNwWi1wRXJyVllNb2tKY2NzZm9SSTU4MkRpcHhSMFBEVkRKbmdPQkY4T2N4TzZObWt0SUNUeUIxS01SR1ZSbV9KVVJPLW80c9IBlwFBVV95cUxOSkVBOTRKa19qT3pRNVpCSGJrclpCOHp0SlVrcDJqR3NUWUhWRWM2N3N0MGdQMmxPeFJFLXktZmJEbUNCTUpYTmZNY185WFBPcnAtWk9lRE9HdlBhckU0dUpiTkY1clRYNjNHX0VhTE5pbGFSVFd4TlFFbUlkN2NVSEgyU19EUzNKQXVoUW1oa01lMDRoUG9v?oc=5
"'FA 대신 日커넥션 총동원' 롯데가 택한 28세 외인, 150㎞ 강속구는 볼만한데…""위기 버텨내는 구위가 좋다"" 호평 [부산포커스] - 조선일보",https://news.google.com/rss/articles/CBMigwFBVV95cUxPYTVyd0dhOEFYLUlkTzJKQU54X3Y0dGJ2elhaMUt0RXQ1MVNBTTFhOVVJUzdUVHM3alpsS08wY2xaNlM3RDBld1NKUUVPQVRLYjVoLTIzaHpwaE83ZWNZNDNwVEwySVBNSnl6ZUtRQm9odUpuMWxFQzBIeDhNRlgwNE43b9IBlwFBVV95cUxPNFNnM01YN3pwRVVBcmw1QkpiZ19zRHpYTjZfdEdEQk9RMDJLVEhudnNwSzJfczQycndmc3dfcGM0WFFmRlRrLWRGcER6eVkzSURhTEE5ajltcEM1bWJmSGQ0NC13MVJ3WExEaEFjR0NSQkpmMG5GMkxDVFFBRGpXVVZkbGZMWm1fQnRLaWJQUEc0WkVFS1E4?oc=5
"‘최동원 유니폼’ 입은 한동훈, 사직구장 깜짝 등장…팝콘 먹고 시민들과 셀카 - 서울경제신문",https://news.google.com/rss/articles/CBMiUkFVX3lxTE1oRGtfVXRQRURkc3Vhd2lPN190STZmRjliWUpZUXltMlA2MTFoMFdIWmZIY3EyX1F4WWxEeG1jZjV2OFA2VmtvSHlreXY2S2thVVHSAVNBVV95cUxPaEg0MXFlQlFLWXFFSXRmT3RYN1FOOHhDdW5odTE1OUxjc0lzcmFvVFB6N1RjNlBoSjN4MGV2RExhV2dCRjFOSnFoQ0dQdzdNdzFJVQ?oc=5
"[AI상보] 롯데 장단 17안타, 키움에 12-1 대승…시범경기 무패 행진 - 네이트",https://news.google.com/rss/articles/CBMiXEFVX3lxTE9DeEtaTW93cUNhNkRTT0FKaFBsZjdFaVplVDNCbzlRZVR1cmtWZEtDY0VMYXpRR194Y2JzajE5TVhubEJpVWN5MHN5Ni1pMmlfS0hVQmxxeWlKazhL?oc=5
십수년 롯데자이언츠 팬인데 남편이 응원팀을 바꾸자고 한다 - OhmyNews,https://news.google.com/rss/articles/CBMid0FVX3lxTE9GeEN0SzZFeTZJd1Jjc3BRal9Yd3hoczhKbDJ4ZlRKXzl1bXJLUmt2Q1Zpamk0Mm1RVGtoNjE4amYxUXBpSVR1QUZDTXRzV1FiWTdqckNrTHV0aGQwaGs1emZJdVMtYjZUcHp3S0swZUY3dWw3UHp3?oc=5
"'장단 17안타' 롯데, 키움 12-1 완파…시범경기 4연승·선두 질주 - 네이트",https://news.google.com/rss/articles/CBMiXEFVX3lxTFBSQkhUQzRqSHFxVTk3LW00XzEtOVhIbzBOY3lIN1pjQ2d6dDR5X2FMYzhTYUNXS2tOX0pIRVg1cU1ZTlBXVlJmUFVkSDdSVjR3ak1OTE5kQ3BkdTRn?oc=5
"'승무승승승' 시범경기 무패 행진…롯데의 봄 미쳤다, '장단 17안타-12득점' 12-1 대승 [부산 리뷰] - 네이트",https://news.google.com/rss/articles/CBMiYEFVX3lxTFA5UndyRm9PX3YydkJ2czZMNmE4Q1dkQVRjZDFVLVRlc2FqTXZvWmI5ckdseUhSeVVqTDUyRUk1QjFkalV4YjYwakc1UTU0R0gtNzRuM080REVUZDdyTzQ5MQ?oc=5
"""내 유니폼 입은 팬들 보면 없던 힘도 솟는다"" 1사 만루 무실점 → 1⅔이닝 퍼펙트! '믿을맨' 정철원의 뜨거운 진심 [부산코멘트] - 조선일보",https://news.google.com/rss/articles/CBMigwFBVV95cUxPZEZKRmYtUWI5QUhqVDA4QXlJdHFpVzRGYUI4RWNUbWpUeWlVTFBaUlZtMHllRlVEZko5QjExQzR1ZGxsU1pwOUN3dzh1X2tzQ0pmejAwdkpwZ1p5UzZ4TzVacXk1VHRhTWJnbHRvM19EZlJJMGdndTJUc3F1WGJyODJHNNIBlwFBVV95cUxPTlhrUVI5ZGJza01lSFBsejQ3MmE5WVpHT2o0SF9QVU1NVEM4S2ZndHNseV9PMmhVMHFMRlR6S3l1c1gtbmVGWVJib2VnTHhZSktjUHh0X3pzMWhtYzBMcEtNYmxuU1JULXFoSFAxUWtLRU41dVFNR2tjYWNjbVpLT0Y3WjNVMlgtTjFlTlhCR29USktOaElj?oc=5
"[영상] 봄이 왔다, 롯데 시범경기 3연승 단독 선두 - v.daum.net",https://news.google.com/rss/articles/CBMiRkFVX3lxTE1Ib3owZFVYMXl5dURyQ3BFMElZWTNBX0dFTE9hNklhVDhLMFJneFZQZ0wzYkxfV1p0YWpwdWZxRjNqQmQxcFE?oc=5
'허를 찔렀다!' 롯데의 윗선 징계는 '신의 한 수'...구단과 4인방 모두 지켜 - v.daum.net,https://news.google.com/rss/articles/CBMiRkFVX3lxTFA0Sk5OZlhZSTM2R012WVMzMjdPc2VlZlpZRnR1U2tiTlVmZVVCdE5vNlpTdzBLbTEyTl9IWklKaXVWcTRra2c?oc=5
"""감독님도 총력전, 다른 팀들과 상황 달라"" 주전급 이탈→시범경기 무패...같은 '봄데'인데, 왜 무시할 수 없나 [오!쎈 부산] - mt.co.kr",https://news.google.com/rss/articles/CBMiakFVX3lxTE9qZDZqaTlhV1FjYUxqbUlfMENzbVVZTTFwQUQyWW1RTGlMNTJWcnZRZ05GRTd0cVZSb1JrcW02X0E4RDdlQjE4VW5IS2ZtVGVSa3V0WW4tYkQyMmpFYTZpZlFLWlhVb1QzTGc?oc=5
"프로야구 롯데, 키움 대파하고 시범경기 4연승 '신바람' - 네이트",https://news.google.com/rss/articles/CBMiXEFVX3lxTE9Jbkk3Zk5MaWxGNDJ3T0g2blNFcVk5LUtKZEgyemYyVmtVWXVQR3ZMemNTZ2psNGYtZmVycTE4bjgzQnd1d3U2RXpMYkxwZzM3NVBJckhCdjdJUEtR?oc=5
"‘부산 출마설’ 한동훈, 최동원 유니폼 입고 사직 깜짝 방문 - 조선일보",https://news.google.com/rss/articles/CBMikAFBVV95cUxNQWF3aWh5Z3VtRmV4WHVKNjBWS04tWTZidERadHk5Si0zdmpQS3pQM09QNU1tZTAxNms1SjZrMnc2MER2OElHS3hrOXJWYmZqWnVhaTNsejF3Y3J3YllRV3JGRVg5dWhhZWJZaEtod3g4MkVoVUFaRzRjMjVUTUM5T3cydFZvSDNqSUxmTTZtMHDSAaQBQVVfeXFMTTN1cDlJMlNOUldwcXllUVIwRmpKNWdPVk5fZ2cwMV9XbkN3TUVIcHdRRnVRSGZSdm1wMGhMOXZiMEJiMUQ4OFFvRmRQZXpYQ0dzanBkVE9NT2FIV3ZjbnVaVS1OOEw0cWUyWl9LQ1JTS04zbWZVN1kxUlg5bVNZZXcxRFFYSnI1OVpLRHdnN3hUVlJ5LTl3dW9VUVBXa0EtcDJkQ1Y?oc=5
"한태양 동점포 → 손호영 결승포! 롯데, LG 잡고 시범경기 무패행진…로드리게스, 사직 첫만남 어땠나 [부산리뷰] - 조선일보",https://news.google.com/rss/articles/CBMigwFBVV95cUxNdEJDZjFxOXpBLVctb3R0UzZybk5qaXJ2cHVKaXBUeTlkdWdhUHdIYTBXVzJTaFREaXlEY1N4dHpvdDNWUW1kVzhVaVlJSlo2NFRDdlVnYVVfUUJFUFZxNzVpNlZCRnVKX3k0Zm5KQ0cxN0Y2b2R2TDgzYXY3TGllQVZTMNIBlwFBVV95cUxOV1E3Qi0xMUhUdHBSWVBfbG1WZjhGaUx5SmpUeFkzYWhpSXpSSkEtZnRMSEFTeXBjOGRBMEhpeGgxYm5YcExpQVlIbFV3LXJ6QjM1SnZleG9hUTZaSFBxYjl3MHhBN3dOeUtqTVZwVjA2TVA5M2czWUxBVDlJWUJreUVMckx1MXNjMHZqdXlrcXAzOUpHVjYw?oc=5
개막까지 2주 밖에 안 남았는데…롯데 68홀드 필승조-마무리는 언제쯤 돌아오나? - v.daum.net,https://news.google.com/rss/articles/CBMiRkFVX3lxTE42N29yd3JnNU1Hdkk1bmNsVC0wS0djVTFpOWZHVFVzclA4Tjd3S0FCckxoLU1RX1Fxd2ZmcDBMVzJOUDRVZ1E?oc=5
"'18-0' 한화 완파한 타선을 이렇게 간단히? KKKK 퍼펙트 피칭, 롯데 157km 에이스 예사롭지 않다 - v.daum.net",https://news.google.com/rss/articles/CBMiT0FVX3lxTE5BQzRPRE5WODVxejRBaWROak8xek82LTZTa1hNcy1mdVVZM1RPR0E4ck55aHhSR2pTX2xYWThPUk5IZmt6WHhfRFhIVEcxbDQ?oc=5
"'사직에 진짜 태양 떴다!'...롯데 한태양, 디펜딩 챔피언 LG 임찬규 상대 130m 대형포 폭발 [부산 현장] - 조선일보",https://news.google.com/rss/articles/CBMigwFBVV95cUxPN25WRzJPMFBILW8xRmpsVzlENVpabUktWEVmX1QzQmVfejZoOUZCNGtFNlNBOF9yRF9mMGUtejdrcXFXaEdtTkE2Nl96TVRub3R3Z0V2R2MzZ3Y4YVZKVmNRbVJWb1dYd3NZZndkbnEzNU9BeFlhaWdyYWNhOFg2S19EONIBlwFBVV95cUxPT2t2M3g0UGRoeDNpY19UNTQ1anY3VTF2SVBwYU1RSVlwZC1heFdtbDFkRFhtbGZINEJhajV4MnpjamVlNlpITmZCMFlGcUNjX2RDSkxTOXZFWHFnc09OdG1BcnM1TFI1SEpveDVLeTRtZXVqc2NqMnZIMjVsakctT2lpb1p3RW5HUDBNSXN3MzdNbmNvR2dF?oc=5
"“안타 17개 폭발” 롯데, 키움 제압하고 시범경기 선두 질주 - 톱스타뉴스",https://news.google.com/rss/articles/CBMickFVX3lxTE8xNnBJTFZ3V3p1SVBoNjhRWUZzNlRTR214cEEwMGdQQlNCRnpFUGpPT0FxVXJCZDlXVTQ5ZHkwSnk3T3Vwb2YxNkIwZ1NZZzFuaXRTNE9Ea19RNEVFYjlRZ3V6LU1BUHJuVmoyUThiYng5QQ?oc=5
"'이럴수가' 바람 잘 날이 없다, 롯데 날벼락…'옆구리 부상' 한동희, 2년전 악몽이 또 현실 됐다 - v.daum.net",https://news.google.com/rss/articles/CBMiRkFVX3lxTFB6VWNtd2xSMnBxWXpNX1BwU3pGWnh3WUpnM1J4QTJrVUpLMUI1ZnlYTTh2SlkzUzZwaTAzU2JBWGRtQnEyR1E?oc=5
"이게 롯데 50-40억 FA들이 처한 현실이다 ""제대로 경기 나오면, 그때 판단""…반전 만들 수 있나 - v.daum.net",https://news.google.com/rss/articles/CBMiT0FVX3lxTE5tUFgyRTRWN2doN1dIeW5zMml0YS1heTc5Z1h1Yk44QnZGTUpEeWFYMUtOWUpnemVQajR4WWFCcnVhc0VhaFlPNU5sSmVVVUU?oc=5
"""봄이 왔네 봄이 와""...'키움 완파' 롯데, 시범경기 4연승 ""단독 선두"" - 청년일보",https://news.google.com/rss/articles/CBMiakFVX3lxTE9xWXZGTnVUZ283RkM3Z0w2UlBOZXdSVHJGenByc0lNOC1kaGZLRzZnTXZPZjNOZVU5QjdqZlRtWVpVWkFKMzBZblNZcURjdFRCZk5zTW5lVVAzVHRGRnEyVmxpVEhZYkR4NlE?oc=5
"봄 롯데는 LA 다저스도 안 무섭다! '나균안 호투+김민성 홈런' 무패 질주, 시범경기 V12 보인다 - 더게이트",https://news.google.com/rss/articles/CBMiaEFVX3lxTFBDRVRhNmdPOVpGYTRreGZEa3dHWnZEMUxfWkhIbGM2b2NTdlV4ZHRvSHgyTUdOeDRyWlRoUzJHZkltVFNLZVYxOVdIb2dUYURNWjNGLVlkSnA0cnUyNWIzMzgyTlZVWXFf0gFsQVVfeXFMT2U5QndraVhYVWNPRWZ5RGpxNTJkdVQ1SWZkcnRxM0VJVFJSVkQ3Q2JuVlo0VFdwdFdvMmFGZndxNVFhTXBkLTlDYlcxaEV2TFZjU0R6S0U2UTRxQ0E0U0JNUXdETl82OGxzSjBj?oc=5
"도박 징계-부상 날벼락, 내야가 텅 빈다...트레이드 복덩이, 외야 나갔다가 다시 3루 자리잡다 [오!쎈 부산] - v.daum.net",https://news.google.com/rss/articles/CBMiRkFVX3lxTE1SaDFhQjQ2VXBRWHI3ZE9hRzJZTGdUYXpydENDdkMxUDFOZzRLcWVxNmFNRXc2NW9iZVFGbUs5V056Q3ZXM0E?oc=5
"130m 초대형 홈런쳤는데, 왜 경기 후 나홀로 수비훈련 했나…사직에 ‘한태양’이 뜬다 - v.daum.net",https://news.google.com/rss/articles/CBMiRkFVX3lxTE1lUGI0UDNSckhqQUo4aUdRYXJSdldWUzgtU0E3UlVSOUszQmpVbHhHV0lEZ2NIQlJxOWxrRTBJT2p5am1jM3c?oc=5
"“뭐라도 이겨야지” 2승1무 시범경기 무패, 김태형 감독 신인 박정민 호투에 미소짓다 - v.daum.net",https://news.google.com/rss/articles/CBMiT0FVX3lxTE84cXNhOFRwWnFxUVNqUTc3YkVSNXVhU2ZsNW9hZjZQQXRTV2h5cEUxekRDaEhZVjlBY1VjclRhc1d4dGZGR09yTkdMM3ZhUWM?oc=5
"'우승팀' 3선발-필승조 무너뜨리며 시범경기 무패, 김태형 감독 “만루 막은 정철원과 마무리로 나온 신인 박정민이 승리를 지켰다"" - v.daum.net",https://news.google.com/rss/articles/CBMiRkFVX3lxTE1CWDdkSmNxWGJZbmVzMDd2LU5GVHlxUFlpc0hzMEM2aXJsU1J6aUNkNUlIR3NrVnJfblZJczQwbVlxUE5qM3c?oc=5
지금껏 이런 '신인' 있었나? 명장 필승조 언급…벌써 150km 쾅! 범상치 않은 롯데 대졸 유망주 - v.daum.net,https://news.google.com/rss/articles/CBMiRkFVX3lxTFBmcV9oaEtISUxkd25NVWp3MktlSXNZLXdkWGhvcjBRRmRhaXJNOVBNdC1uaFFLakxqa1Vzb1g5NXR0ZU5BaXc?oc=5
"'타선 17안타 폭발' 롯데, 키움에 12-1 완승…시범경기 4승 1무 단독 선두 - 네이트",https://news.google.com/rss/articles/CBMiXEFVX3lxTE1mZklJSlJtbVllSllGWW02UGRGN1dmd0NabTQtLTFGd0xmNk8wQ3EwMnVGYVU5TDVnXzByNUFnMFJKUFNMUE1oRjVBWVhqQUp6Vmh0eDd4YXhiVGUy?oc=5
"""감독님도 총력전, 다른 팀들과 상황 달라"" 주전급 이탈→시범경기 무패...같은 '봄데'인데, 왜 무시할 수 없나 [오!쎈 부산] - OSEN",https://news.google.com/rss/articles/CBMiU0FVX3lxTFB3UUdHQjVMVVVuOWhPdTVhSmVueDdGNGt2dDBXZUdLUkpDZmVENEZwbUh4UmtRamFqWFRMMHVkbkhqVzIxSGVsY1l4aDZ0YktqSkFn?oc=5
"롯데 사고뭉치 4인방, 근신 해제→밀양서 훈련 재개…고승민-나승엽 5월 복귀 가능할까? - v.daum.net",https://news.google.com/rss/articles/CBMiT0FVX3lxTE9zaktFd3NoaDlQaThnamxYRXRBaHp0UjIyQW5iXzlITXduWUNUb0RlSE5wdHFUa0t6NElfNGJPc1pXN2hTT19SMThBS0NFNjg?oc=5
성장한 롯데 '아픈 손가락'→필승조 역할 해야 한다…최우선 과제는 '심리적 문제 해결' [SS시선집중] - 네이트,https://news.google.com/rss/articles/CBMieEFVX3lxTE9kNlE1eHMwRHZHbmNoZXZsajVtTVVfTzExSEJuV3pYYzRfc3VuTVBLNmZRVEpWUzdsY0VmRGpSSUV6NE1NdUNHby1pN21xV1FQU0VaNmtCc0QtV2RxVDVnNjUzZzZCODM1bXRNNWJNaWdBSUE0dkh1Ug?oc=5
"롯데, 시범경기 단독선두질주…두산·KIA 추격, KT는 아직 첫 승 없다 - 복지TV부울경방송",https://news.google.com/rss/articles/CBMiaEFVX3lxTFBUbFhUNTIyaGlIU0gzZV9fYTYtajZrZDYwU1R4TGVRNzVRN0s4bEhVS1dYZ2owVEVjLVY3aDdoSjR3WWpKblBSelRaTElBaWU4UkprQlRDa1MzbHlWM1lER3VCY1c2bklR?oc=5
"KBO, 도박장 출입 롯데 4인방에 30∼50경기 출전정지 중징계(종합) - 연합뉴스",https://news.google.com/rss/articles/CBMiW0FVX3lxTFB0NUQ1RFY5cDU1RzVqTW9nQVE4OGFsWUY3bjM3WFpNRTMxaC02dWRGOHdxM0FIdllrcFh2T1VVUWxsb01JQlhBOXBvM2Rna1I1SDRETmRsamJ6TEnSAWBBVV95cUxQWWd5WUY2SlQ1OUdQTWJlSW9RTXJHWkszVDdwbUhsei1EWXh3NkRvZjB5OVJMcld1bWk5S3c2SWpiQk1jdjd1Q0d4TVJ0eUNGRUZhZDlrWktWYXVsMmNBUHA?oc=5
"원정도박 4명이 했는데, 롯데 40세 주장 왜 팀 전체 꾸짖었나 ""선수단 모두가 잘못한 일, 죄송한 마음 가져라"" [오!쎈 미야자키] - 네이트",https://news.google.com/rss/articles/CBMiXEFVX3lxTE1pVGs2Zm83WGdQWWVPS2ptRWJyQ1dKYV91ZTBxeVkwWGFHbHJ3UE03ZHE0Mlp1SDdZS2ZWZExfcHVvdTRWYnV4X1BncENxWUl0SG9Nc3lmdFJlbXF1?oc=5
"프로야구 롯데, 키움 대파하고 시범경기 4연승 '신바람'(종합) - 네이트",https://news.google.com/rss/articles/CBMieEFVX3lxTE1YM0toY3labVRBQTZsQTh0Zm5UaENMeWdBdmRFODU3SEN0d1AwSklQVFN1YTdsYmFVSVlaclgycHZTWHNzWGNraS1oZElpb0hjWThIWnFGeXBJTlBFbE5Vc1JFQ2ExSFhjVURFQVYwWDNPdGpQSlJQVQ?oc=5
"짜릿한 역전 무패질주 롯데, 목나경도 신나요 [O! SPORTS 숏폼] - 조선일보",https://news.google.com/rss/articles/CBMigwFBVV95cUxPYUlvbmxLT3FQVWY1eTZGakl4eXJtc0dRT0V6Vnp4VG9rbkFfRHRDOEVocW9uS2RyVHFVM2hpbE1ONXpVMm01UjJRVUxkdVFXTFNhcjZIZnNRWUw2Z21IamNBRzVuUldLaDRCS05rVThWS19CT0Y0NVN6c2ZPLWFpUF9pZ9IBlwFBVV95cUxQSUc3RzAyWW1uZmZnbnJ1VzAxNXl3eVh6T3hQZnJPcW41N1lKSHlST2NvdVhaZVJsUWJoSlBMcTJQd3BnOU1IYlJOTFZpTEMxTUNNdDAza3pDRUtqS2x5UDl1NUlhNTR0MTY0b09WdV9fdmo2Wng2ZzdTcS12NjB5TTl4U1FjXzhhdE0zVXBQdUZPLVV3ZXd3?oc=5
"'홈런 3방' 삼성, SSG 8-0 제압…롯데도 키움 완파 '무패 행진'(종합) - 네이트",https://news.google.com/rss/articles/CBMiXEFVX3lxTFA2NjEwYnRSZnVIOUxlWFdHY0VKd0l4dUdkdzJZSmNNNkprejI1eC02UlNSM3JUOThoaVVGUlhNakg0MEV4RHRmcV9qWktuektzX2JZd0R3NUxVSE84?oc=5
"역시 믿는 8회야! '5점 싹쓸이 역전극' 롯데, 시범경기 무패 행진...LG에 7-4 승리 - v.daum.net",https://news.google.com/rss/articles/CBMiRkFVX3lxTFBFaFNmRmExMkZCc0FLYWt0Y3o2UFR5TXNFUnZfOFltYm5hcWFzSnEwODRyRzNlV2Q3em10eHA2Y2hvai1JTXc?oc=5
"'대표팀 0명' 롯데, 우승팀 LG 꺾고 시범경기 무패 1위다...한태양 투런+손호영 솔로, LG에 5-3 역전승 [부산 리뷰] - 미주중앙일보",https://news.google.com/rss/articles/CBMiYkFVX3lxTE90NHRTUkhQRWszN1ljZ0R1ZnFMcmVEOUVtRzJlcURmVFJrNURhWHNXYUlSRDlsTW1NSnpSUWkzOEhmRE0zMUUwMDNTMWtodnBYb0M5UmVsbVA2cUd4S1lRSzJR?oc=5
"'또 기대된다' 롯데, 우승팀 LG 상대 0:3→5:3 역전승! 한태양+손호영 홈런+정철원 만루 위기 삭제 [KBO 시범경기 리뷰] - starnewskorea.com",https://news.google.com/rss/articles/CBMidkFVX3lxTFBRbnFyWU10bkQtVXJDMEkwTEtnTktnanlFbzcwTVNpeHRUQmtRc3VpNEFmc1FMVjllUDU4WFFvblZYQ3VkQ1AyOHNocHNjeloxa1h1UGRxMnFOZGlyckRsajM4eFF1WnI4c0RDWFNBVDhKUzFGbVE?oc=5
"LG 1차 출신 아픈손가락, 2G 연속 쾌투…롯데에서 꽃 피울 수 있을까 ""좋은 모습 보여드릴게요"" - v.daum.net",https://news.google.com/rss/articles/CBMiT0FVX3lxTE5wcXU4RnNQSXdzRG9xb3ZuN2NsWHg2WG5zMmE2bTZXNDRpQVdPcXNGU211UFNvVWJfRlhaWERBZ3pFRlRHeDVZaW9lYkhaOWs?oc=5
"""일주일 만에 또""…'부산 출마설' 한동훈, 최동원 유니폼 입었다 - 네이트",https://news.google.com/rss/articles/CBMiU0FVX3lxTE1RWm0wbVBfYXV2aE5sb3psN3VveWtpN2FFUDZMOEx3OU9ITENxZEVWbWlUS1gxOC05enNtWXdOVENVM200bVN1VVBmQVp1Z21UVGVJ?oc=5
"'7-4 역전극' 롯데, LG 사직서 잠재웠다…8회 집중타선에 전민재 홈런까지 - v.daum.net",https://news.google.com/rss/articles/CBMiRkFVX3lxTE5FU25XZ1JzbjFVWHFUR2dQVHdJWGEyX25lNnpreURZc1FBN0ZaaWtCZlotVnlHbXQzSGVsNjM3N3d3LXFYOWc?oc=5
"‘사생활 논란+교통사고+부상’ 롯데 불펜, 윤성빈 152km 강속구에 웃어본다…‘첫 무실점 세이브’ 김태형 감독 복안 통할까 - sportalkorea.com",https://news.google.com/rss/articles/CBMiggFBVV95cUxOZnk1a2N3UVJ0dkI1OFpuX21DcEpOQVFPcGJoRFVQZ1ljM3lxT0lVU0JmZ3dRc09JUG9Va0ZxODVpX0JmeEs5b0xpYkRMMXZsQ1BWTVF5TnN2dWtLcU9BWjRXRnVlZDRnYWdMWVZwZVNkakdTc3hyY2NqNUpXYXZRUE5B?oc=5
"또 '봄데'면 어때? 롯데, 찬 밥 더운 밥 가릴 처지 아냐, 일단 이기고 봐야!…시범경기서 펄펄, 본 경기서도 펼쳐야 - v.daum.net",https://news.google.com/rss/articles/CBMiRkFVX3lxTE5LcndVSWtLejcxejJlNFRGdlFTay1yLWZLUW1sSXRtS2tpdUR5R2VYekRZa21sQmQ5MTZ1MDJXSjR3SDh2cWc?oc=5
"프로야구 롯데, LG에 역전승… 시범 경기 단독 선두 신바람 - 한스경제",https://news.google.com/rss/articles/CBMia0FVX3lxTE9reHRGNUNYcDZTRWZTTko5a0pWTWZKZTNjNkFNWHgycThyYkNmOXJtbTB3RDVaZGMtelgwVUpaTXc4aFhZMnN5aGNSb1N4U29BZGhZMkNPWmx3d2JwVkVnSTRNSzl0UDJjaHlB0gFvQVVfeXFMTjNXcjB1dGlZa2hjODUzYmxtd1htWllJYzgyQlpLbzRnWUplX096c2NZYk0tQXRFVm82UVNEb2F5NE9UWTBsUDFULTVCc0IxOXBNa3JMcUViLWdpZGNDWG92U3NualBZbWNpTURsYUFB?oc=5
"130m 초대형 홈런쳤는데, 왜 경기 후 나홀로 수비훈련 했나…사직에 ‘한태양’이 뜬다 - 미주중앙일보",https://news.google.com/rss/articles/CBMiYkFVX3lxTFBvMDFkaWhWWlBwNDhuVkloNDYyR0tadm9KQ2ctM0ZlTmNyVnN2RDQ0SksxVm5JaE5DZW4wVkZPOHF4YWEtYlU3eDVaeWZUcEVaYnBYVnJKd3VWN3B1TU9lMmZR?oc=5
"'벌써 봄이 왔나' 8회 5득점 빅이닝→짜릿한 역전승, 롯데 또또 LG 꺾고 시범경기 무패 질주하다 [부산 리뷰] - 미주중앙일보",https://news.google.com/rss/articles/CBMiYkFVX3lxTE45c0JOazgzWG5ncmNSQU5mNVhCc3JNRzVVZVZXQzlxYk5ibU1RRWg0NUpGUkVOT1ZweEhxY1YyZU1zbUFIemxsUjE2TjU3VE5pakdCbHA2UUNtNmlqeXpJVTdn?oc=5
"일은 터졌고, 더 단단해진 롯데 자이언츠 - knn.co.kr",https://news.google.com/rss/articles/CBMiVEFVX3lxTE4yOVlaMWpYTmFvZ1RuWDRGRVlLM2pFdmd3b3I5XzlydUREOXd2clBVUm52VEQzY0NRZ2NNYUNSajBIT2tvWDBxd21uSDYzLUhjQURwYQ?oc=5
"과정도 중요하지만, 증명만이 답이다. - 브런치",https://news.google.com/rss/articles/CBMiR0FVX3lxTE1pR1IyclVEOUd1d1V4TUNRUnpDdEd4SE1jaDJybGM0MzJwajZqdndodHNfbjZtRnNTVXo3SWdUUDZHMUVJd0dn?oc=5
대만 도박장 출입에 성추행 의혹까지…롯데 자이언츠 '날벼락' - 중앙일보,https://news.google.com/rss/articles/CBMiVkFVX3lxTE9fcGlQU2MydjNxSENsNFNOU01RTzJlSkZvajR6aUJONXlJTjFQeDNfY29KSzA1VjNUZGpMRlRZWjZSTG1yTC11c3lqY05MWXpKc0w1SlVB?oc=5
"KBO, ‘도박장 출입’ 롯데 선수 4명 30~50경기 출전정지 중징계 - 조선일보",https://news.google.com/rss/articles/CBMigwFBVV95cUxObFd0QVZydFdVVFVDa0diWlN5VHZCdDV4Q2lZWGRubHRvZjZkZXoxbExrcVlyemxERVVBMTJEcm5GcFpEX1BvenVXSGM4RjhkMHR3NDdwQ2Z0eEVVUmVja3J2WXJ2Z0h5WW1qOWFmaHJXN1FqRlh6MEZFRXFWYThOSFdCc9IBlwFBVV95cUxPbVJjaHMxak5aaTVqLXI2Qk5JQ0k2bWV3c3NnbVRmNWVjdGQ2bllJU3JQWHctSjNSQXhCSk1hVFFPQXNiWkFZckpRVjlzMmQwVHllNXdGTjFMUm1ZWHNOWFN3cm1ZUG9iTDdoRVYwM3JoTktwck1aZWxTc1A5M2NCbE1xcENCQWJlWDdkRml2RXNMc2NpVnY0?oc=5
"왕자님 오셨다! '롯데 장남' 신유열 미래성장실장, 롯데-지바롯데 교류전 직관 → 단백질 에너지바 직접 전달 [미야자키 현장] - 조선일보",https://news.google.com/rss/articles/CBMigwFBVV95cUxOTkVpQlJMS0tYbmd6Z09zLUE1Y1RKRG0wSm9UX05hczRNZzlJWWFJRlRNNGQ5SjhyNzJsT0s2UXZ4NERuZWVJWVpqY2JpM2RWWWFzYUVHcXVOWGVjZWxrWUFHeHlOR0o4RUNzRUJwT2FWMkZ2bzc0R2lCUGItTWthWTFPd9IBlwFBVV95cUxOZXNISE5jbmdvLW5Sak9pa0I4blluMGl2ek1WM0FTUTQwa0ZXampKc19OaGJHaUVCY3VncUlKNG8wZTJfdmJGZnF1SEloRDNBVVB0OUJ2TUZOc3poSi1qVGVKVENvSHhiYW9hQmxYcUxuTTBWTHVSTkJYRDRkNklBNG5MZS0tYi1nbGRIaS12bXJnYXNDQ0RF?oc=5
"롯데, LG 잡고 시범경기 선두 질주…'문동주 무실점' 한화, SSG 완파(종합) - 뉴시스",https://news.google.com/rss/articles/CBMiYEFVX3lxTE1pVDhzNjAwc2VVMXBaN2c4cEVBU1RGSzBlQkkwRTdKMGpwQTBMamZNSHVRZkkwdTRjaGhCejlVc1Jzby1uS2QyYnB4cDFBUmxUaXVkNnJyT1lQOExqOVdOUtIBeEFVX3lxTE56R3RfUzhSZ3ZlbXNETVI1eE5yZTNCWkc4bG9nVmxRbXVPeV9vM2VTMHFxREFydzVfcGkwUHVNNW83aTJsX0UtREt1d0FZNUpueVgweXhHd05xZWNNalQ2cXExU1prQmJFbURfenYwdmJZUzlMVWlReA?oc=5
"""자리 차지하려는 선수가 한 명도 없어"" 솔선수범 캡틴 독설, 롯데를 깨웠나…'도박 징계+줄부상'에도 시범경기 무패 - OSEN",https://news.google.com/rss/articles/CBMiU0FVX3lxTE4xOVl2eUpTQXNITzRlSG1ZdTl2RkhvSzVhQ2NlT1M3R3V0RHBac053UldCbExSYjdQb1dSSVFvMFlwTWNUWWIxRDdCN01hQkh1Tlc4?oc=5
"도박 징계-부상 날벼락, 내야가 텅 빈다...트레이드 복덩이, 외야 나갔다가 다시 3루 자리잡다 [오!쎈 부산] - 미주중앙일보",https://news.google.com/rss/articles/CBMiYkFVX3lxTFBKai1qOWVhelVjdnBBb3habEVkcnhlM00yUHhuSjlmcThIcDE4eDZXWlVIeXRUX3pldzh6VS1MZ0NqZlgyV2RCZEU0MlVZTS1yR3YtN1BxMHg5MzBEMFNzRS1R?oc=5
"""한동희가 또래 중엔 최고죠"" ML 스카우트도 복귀 기다렸는데... 옆구리 근육 손상→개막전 불발되나 - starnewskorea.com",https://news.google.com/rss/articles/CBMidkFVX3lxTE1rX0ZBVC1FU3dwYlJ4RXBoYmh5VTZoVWN1VWNXLVZ2VUdRTVU3SHV4RFh4Yjlyczk5Y0xMeFU1RnBUTFVrTDdNam9GOFlYU1hHTFNCajZfSkRnS1NzaWJXbmdNWFZ2Ym9GSHNnYlVyQzl4QWRWUFE?oc=5
[사진] 첫 시범경기 승리 장식한 롯데 자이언츠 - 네이트,https://news.google.com/rss/articles/CBMiXEFVX3lxTE92UUJjRE5LcFBLQ0duTGJpQVVtc0MzMV95RjRBcTd0bEhLTVA4NG82T3JiQU9HdkFPRGd2UW1IbHQ0VzlMbERzSi1fM0dKTXNBV2pQdUtLWkZ0X2h2?oc=5
"'승무승승승' 롯데 파죽지세 무섭다, 17안타 12득점 대폭발→시범경기 4연승 폭풍 질주!…나균안 5이닝 쾌투+김민성 홈런포 [부산:스코어] - xportsnews.com",https://news.google.com/rss/articles/CBMiVEFVX3lxTE1PMkdMa0Z3R3kwUkRISlljZE0yUGhud21SV2U2SHJ1Q2h2VEtjb09EMVk0dVhjY3VRaGtnVlBZdjFUUEpQaWZFSzJ0eGswZmxmb0dQSg?oc=5
"'구슬땀 흘린다더니' 롯데 자이언츠 선수 3명, 대만서 도박·성추행 논란 - 뉴스1",https://news.google.com/rss/articles/CBMiV0FVX3lxTFBiV3MwOXZFalpuc1QyV3V6VVFsMFZRZDRRUnhoeEtxOFI4S09QaDFZRW8tdHQ2a1RhTGhac2w3V0ZNRFFuNjM4WW11NVNkMEs3VUlMWElRYw?oc=5
"“뭐라도 이겨야지” 2승1무 시범경기 무패, 김태형 감독 신인 박정민 호투에 미소짓다 - 미주중앙일보",https://news.google.com/rss/articles/CBMiYkFVX3lxTE9UaHczN1pxaGpWSUVYNnFTUWNKVzBpRm5tMjhUYlhMd3pIbEdsVjNMOGhkVGFUY1B2SGJOTmJORDFMV3FvUVFtTF9lQ1lNU2FiQ0VocEh0aWhaYUI3eklibkJB?oc=5
"'고나김김' 롯데 도박 4인방, 방출 철퇴 나올까…""KBO보다 더 징계"" 단호한 롯데, 단죄의 시간 왔다 - 조선일보",https://news.google.com/rss/articles/CBMigwFBVV95cUxQTUNydHhEdHZlTUc5NmVaWUxqS1pXOUFtSVBaMlBvNllpQXZiRHI5dmdBbmpTdGtnNEdpelJQTVJhaEt0eTF4dWdmc1NicS1nVVU3b1JILWU1QjFwYUJYNFg3NDExNkdQc0duOElTS1MwVTMtT3I2SHVKOHVUSVR1WDZic9IBlwFBVV95cUxPR3N1M3l2Z2JsdXJEVmNpcXdTV0tJTDluSzZKXzZ5MjhscWJzdGQtREhkT2NaR1lWclE2Y3F3RC0xaHJaaFFReXdYV3lCTHFIOF9Pc0NOS08xajdITGprbG9QaFhKckJhRWtmWW9JVEJ4RjZQVmtGMW9ZTENaR00yWjhyM2J5SmxlYlVIeGtXQUFsWnYtdkpJ?oc=5
프로야구 롯데 연봉 계약 마무리…전민재 첫 억대 연봉 - v.daum.net,https://news.google.com/rss/articles/CBMiT0FVX3lxTE9sTkZxTi16QThtdE5rWmcwc3lRZHh5REl4RjZFb0luMEMtUk5fV1IxY0dIaW9ZOEpkeVVFQmdNT1dqZjBvSS1WelNsVlhJRVU?oc=5
"'고나' 징계 듀오에 한동희까지 부상, 개막전 1루수가 사라졌다…""1루 정말 고민이야, 징계 받은 애들과 같이 돌아올 수도"" [오!쎈 부산] - 네이트",https://news.google.com/rss/articles/CBMiYEFVX3lxTE5CcG02MS15VUF3T0hqSXF0LWc3eHd5SVdwX2w2bEJqdWVOcU0wNGhTMHNyYTEyUVUyTlZKSUF4eU1pWklmWV9weF84ZDYwLUNCRW5VV3YybGIyVHFYWjQ2Yg?oc=5
[사진] 첫 시범경기 승리 장식한 롯데 자이언츠 - 조선일보,https://news.google.com/rss/articles/CBMinAFBVV95cUxPNnlBRFBhX3ZtTkM4TmxLU1FHTE5uenRsTTU5eU1LWlNvdkx4aGk2cTByRVZhYXBPbFVVOVpmSzRLZGxpc3daTnpjejJoM3dQc3V5M3d4ZlN5MlBSQndjcGt3cHNWb1VoUmhNMUZ0LVhZbWxjb0VuNEVWVUVzV1pZLW9RUnVrMjNSQmx6WkM3MTlKLUd3bGJCTUpOam3SAZwBQVVfeXFMTzZ5QURQYV92bU5DOE5sS1NRR0xObnp0bE01OXlNS1pTb3ZMeGhpNnEwckVWYWFwT2xVVTlaZks0S2RsaXN3Wk56Y3oyaDN3UHN1eTN3eGZTeTJQUkJ3Y3Brd3BzVm9VaFJoTTFGdC1YWW1sY29FbjRFVlVFc1daWS1vUVJ1azIzUkJselpDNzE5Si1Hd2xiQk1KTmpt?oc=5
"""감독님 머리 아프게 할 것"" 다짐하더니, 이대로 1루 주전 꿰차나...롯데 김민성 홈런 폭발→""최대 고민"" 사령탑 걱정 날릴까 [부산 현장] - xportsnews.com",https://news.google.com/rss/articles/CBMiVEFVX3lxTE4zaXJvRGpzenV1ZmJpS1BaMHpLTUxDM2RGbHc2MEtvRU5aekJRbUowSFQtTHlpb1ZONXB6dzVfUWY4YlhVOUlGRk1nLTFSNEp4dWJnaA?oc=5
"프로야구 롯데, LG에 역전승…시범 경기 3연승 단독 선두 질주 - 네이트",https://news.google.com/rss/articles/CBMiXEFVX3lxTE5Xc2swNk85cjlYbWE0ejR3WDg1eEkyaE5aM2U2R0ZGUTIyTXprY29Ja1YycmlsYTBNWFBveF9KVkgyT0NLNjJKWm5hdW9Ldkg1LVM4MzJLRXprRXFZ?oc=5
"'4번의 동점' 롯데-KT 치열한 접전, 결국 비가 갈랐다…6-6 무승부 - maniareport.com",https://news.google.com/rss/articles/CBMie0FVX3lxTFBOeFltWm9NQjg3dEozM0k3eGFERVlwNVRxbWNlRXRRNy12OW9aWjBKa25GTkRRc01jNkNibzNwQS1wTDdYQ1FuS3V5b2ZZdk00QnJfeWVyRGsyRmN1MWVmZUJRZmNJVjQ0Qlk5UWFwMU55c0FadjYtdHRpQQ?oc=5
"'8회 5득점' 롯데, LG에 7-4 역전승…시범경기 선두 질주(종합) - 네이트",https://news.google.com/rss/articles/CBMiXEFVX3lxTFAzZzAwZzJEZ2NPTllKYXh6Z1l2Q3ZzdmZhR0dFNklnR21TWlVVOVo5WE9rUGdxeFZ5cVZhNzZiSE5tSC1KYWRpOVpxRGltSkJxalZ3WjZyREpCd3RQ?oc=5
성장한 롯데 ‘아픈 손가락’→필승조 역할 해야 한다 …최우선 과제는 ‘심리적 문제 해결’ [SS시선집중] - 스포츠서울,https://news.google.com/rss/articles/CBMiWEFVX3lxTE42SHpIQWN0YVZNMW5Wa0RuTEFCWmdQT1lOWHphUll6ZHdYM3d5dmQ2UzNWUmpCNTk5alZsdl9VeTI1cHNiWVpBajdtOXBuYkhseWFHWWhjSEc?oc=5
‘불법 도박’ CCTV에 딱 걸렸다···롯데 자이언츠 “나승엽 등 4명 즉각 귀국 조치” - 경향신문,https://news.google.com/rss/articles/CBMiWkFVX3lxTE9rV0VwelR5RDVBV3hRNC12VnRRakFvN0psVFlwNi1xWU5vMC1aS2dmOHR5bjdBbHl4VDFSWXgtenpyN2ZBdmZRLUpmZ2k0ZGxnNk04VkVQX3pZUdIBX0FVX3lxTE14Qm1ySEhvclBXQUo3NUlJZlRpZmZxeENURlNoTTVlUGYtOU01dnVqSTNURVBfYktEQWVRUF9WSVVnazI5VHJadmVpNVI0NURuOUdidjdfbm1Fc3I0UGdj?oc=5
"'이게 뭔가?' 롯데, 그래도 야구 하자! 징계는 징계, 야구는 계속돼야...사직의 함성은 멈추지 않는다 - v.daum.net",https://news.google.com/rss/articles/CBMiRkFVX3lxTE9RLUswSURmMFJwVUI3eVZkNGh4ZGt3bVZaRDlCVUtHRnBtSEI4ODBLYldHRlJGQlZaTVI4Z3F4eU50Q1RpOWc?oc=5
"""내 자리가 없다""더니 칼 제대로 갈았네…롯데 '트레이드 복덩이' 타이틀 되찾으로 간다 - SPOTV NEWS",https://news.google.com/rss/articles/CBMib0FVX3lxTE5IbERLVTJRcGJKTUlZaW9qS2VkSlBubFBLZGlfa2Fodjc3bEI5S3lhaGFrdG1JX1JGTS1SdklzX1NScGlTMk9aZWVEYVRqVzU3SDNwdk9zU0RnQ2JjMFBna3pteTdEZWhoQkFhbkY1dw?oc=5
